id,title,description,link,image_link,price,availability,condition,brand,google_product_category
julius-ai,Julius AI,"Best AI data analyst — chat with your data in plain English. Best for: Analysts, marketers, and students who want to analyze data without coding. Rated 9.2/10.",https://rankertoolai.com/review/julius-ai/,https://rankertoolai.com/assets/images/pin-julius-ai.jpg,20.00 USD,in stock,new,RankerToolAI,Software
elevenlabs,ElevenLabs,"Most realistic AI voice generator in 2026. Best for: Creators, podcasters, marketers who need human-like AI voices. Rated 9.2/10.",https://rankertoolai.com/review/elevenlabs/,https://rankertoolai.com/assets/images/pin-elevenlabs.jpg,5.00 USD,in stock,new,RankerToolAI,Software
surfer-seo,Surfer SEO,"Best AI content optimizer that ranks pages faster. Best for: Content writers, SEO agencies, bloggers who want data-driven rankings. Rated 9.0/10.",https://rankertoolai.com/review/surfer-seo/,https://rankertoolai.com/assets/images/pin-surfer-seo.jpg,89.00 USD,in stock,new,RankerToolAI,Software
jasper,Jasper AI,"Best AI writing assistant for marketing teams. Best for: Marketing teams, agencies, and brands needing consistent AI content. Rated 8.9/10.",https://rankertoolai.com/review/jasper/,https://rankertoolai.com/assets/images/pin-jasper.jpg,39.00 USD,in stock,new,RankerToolAI,Software
semrush,Semrush,"Most complete SEO and marketing platform powered by AI. Best for: SEO pros, agencies, and businesses who need competitor intelligence. Rated 9.3/10.",https://rankertoolai.com/review/semrush/,https://rankertoolai.com/assets/images/pin-semrush.jpg,129.00 USD,in stock,new,RankerToolAI,Software
writesonic,Writesonic,Best budget AI writer with GPT-4 quality output. Best for: Freelancers and small businesses needing affordable AI writing. Rated 8.7/10.,https://rankertoolai.com/review/writesonic/,https://rankertoolai.com/assets/images/pin-writesonic.jpg,16.00 USD,in stock,new,RankerToolAI,Software
stable-diffusion,Stable Diffusion,"Best free open-source AI image generator in 2026. Best for: Developers, designers, and creators who want unlimited image generation. Rated 8.9/10.",https://rankertoolai.com/review/stable-diffusion/,https://rankertoolai.com/assets/images/pin-stable-diffusion.jpg,10.00 USD,in stock,new,RankerToolAI,Software
canva-ai,Canva AI,"Best AI design tool for non-designers in 2026. Best for: Non-designers, small businesses, social media managers. Rated 8.7/10.",https://rankertoolai.com/review/canva-ai/,https://rankertoolai.com/assets/images/pin-canva-ai.jpg,15.00 USD,in stock,new,RankerToolAI,Software
grok,Grok 3,Elon Musk's AI chatbot with real-time X data access. Best for: X/Twitter users who need real-time news and trending topics. Rated 8.4/10.,https://rankertoolai.com/review/grok/,https://rankertoolai.com/assets/images/pin-grok.jpg,8.00 USD,in stock,new,RankerToolAI,Software
runway,Runway ML,"Best AI video generation platform for creators. Best for: Filmmakers, YouTubers, and content creators needing AI video. Rated 9.0/10.",https://rankertoolai.com/review/runway/,https://rankertoolai.com/assets/images/pin-runway.jpg,15.00 USD,in stock,new,RankerToolAI,Software
cursor,Cursor,"Best AI code editor that writes code faster than you. Best for: Developers who want AI to write, debug, and refactor code. Rated 9.2/10.",https://rankertoolai.com/review/cursor/,https://rankertoolai.com/assets/images/pin-cursor.jpg,20.00 USD,in stock,new,RankerToolAI,Software
chatgpt,ChatGPT,"Most versatile AI assistant — GPT-4o, DALL-E 3, voice mode, and 1,000+ plugins. Best for: Anyone who needs a capable all-in-one AI assistant for writing, code, and research. Rated 8.8/10.",https://rankertoolai.com/review/chatgpt/,https://rankertoolai.com/assets/images/pin-chatgpt.jpg,20.00 USD,in stock,new,RankerToolAI,Software
claude,Claude,"Best AI for writing and reasoning — 200K context, safest frontier model. Best for: Writers, researchers, and developers who need nuanced reasoning and long-context work. Rated 9.2/10.",https://rankertoolai.com/review/claude/,https://rankertoolai.com/assets/images/pin-claude.jpg,20.00 USD,in stock,new,RankerToolAI,Software
deepseek,DeepSeek,The open-source AI that shocked Silicon Valley — free and almost as good as GPT-4. Best for: Developers and researchers who want GPT-4 level quality at open-source prices. Rated 9.0/10.,https://rankertoolai.com/review/deepseek/,https://rankertoolai.com/assets/images/pin-deepseek.jpg,0.14 USD,in stock,new,RankerToolAI,Software
gemini,Gemini,"Google's AI assistant — best for G-Suite users and real-time search integration. Best for: Google Workspace users who want AI built into Gmail, Docs, and Sheets. Rated 8.7/10.",https://rankertoolai.com/review/gemini/,https://rankertoolai.com/assets/images/pin-gemini.jpg,20.00 USD,in stock,new,RankerToolAI,Software
github-copilot,GitHub Copilot,"The most-used AI coding assistant — real-time suggestions in every major IDE. Best for: Developers who want AI coding assistance inside VS Code, JetBrains, or Neovim. Rated 9.1/10.",https://rankertoolai.com/review/github-copilot/,https://rankertoolai.com/assets/images/pin-github-copilot.jpg,10.00 USD,in stock,new,RankerToolAI,Software
midjourney,Midjourney,"Best AI image generator — stunning quality preferred by professional designers. Best for: Designers, artists, and creators who need the highest quality AI-generated images. Rated 9.1/10.",https://rankertoolai.com/review/midjourney/,https://rankertoolai.com/assets/images/pin-midjourney.jpg,10.00 USD,in stock,new,RankerToolAI,Software
notion,Notion AI,"AI writing and summarization built into the best productivity workspace. Best for: Teams and individuals who already use Notion for notes, docs, and project management. Rated 8.9/10.",https://rankertoolai.com/review/notion/,https://rankertoolai.com/assets/images/pin-notion.jpg,10.00 USD,in stock,new,RankerToolAI,Software
otter-ai,Otter.ai,"Best AI meeting assistant — real-time transcription, summaries, and action items. Best for: Remote workers, freelancers, and teams who want to never take manual meeting notes again. Rated 8.7/10.",https://rankertoolai.com/review/otter-ai/,https://rankertoolai.com/assets/images/pin-otter-ai.jpg,16.99 USD,in stock,new,RankerToolAI,Software
windsurf,Windsurf,Best value AI coding IDE — Cascade agent handles multi-file tasks at $15/mo. Best for: Developers who want Cursor-quality AI coding at $5/mo less. Rated 8.9/10.,https://rankertoolai.com/review/windsurf/,https://rankertoolai.com/assets/images/pin-windsurf.jpg,15.00 USD,in stock,new,RankerToolAI,Software
hubspot,HubSpot AI,CRM-native AI that knows your contacts — Breeze AI for sales and marketing teams. Best for: Sales and marketing teams already using HubSpot CRM who want AI assistance. Rated 8.2/10.,https://rankertoolai.com/review/hubspot/,https://rankertoolai.com/assets/images/pin-hubspot.jpg,20.00 USD,in stock,new,RankerToolAI,Software
perplexity,Perplexity AI,"Best AI for research — real-time answers with cited sources, not just links. Best for: Researchers, journalists, students, and anyone who needs verified, up-to-date information. Rated 8.8/10.",https://rankertoolai.com/review/perplexity/,https://rankertoolai.com/assets/images/pin-perplexity.jpg,20.00 USD,in stock,new,RankerToolAI,Software
